{
  "n_assets": 16,
  "n_obs_total": 80,
  "corr_spread_slope": -0.4658811572716157,
  "p_spread_slope": 0.06894634948077276,
  "corr_spread_corr": -0.7717033453659776,
  "p_spread_corr": 0.00046231927266093223,
  "reg_beta": -0.2680136581130158,
  "reg_t": -1.9700208952941487,
  "reg_p": 0.0689463494807727,
  "reg_r2": 0.21704525270073993,
  "mean_pred_slope": 1.1936087851094646,
  "mean_spread": 1.8202715511526386
}