{
  "q5_markouts": {
    "10s": 0.7924157778936464,
    "1m": 0.39922515226114347,
    "5m": 1.0483287846993674,
    "30m": -3.0913819355946632,
    "2h": -5.776815178703057
  },
  "q1_markouts": {
    "10s": 0.8804241314556899,
    "1m": 1.3800823544211573,
    "5m": -0.6603140867316053,
    "30m": -3.573462488915974,
    "2h": -10.456155985303521
  },
  "q5_persistence_30m_1m": -7.743454835161565,
  "q5_persistence_2h_1m": -14.470068195814209,
  "q1_persistence_30m_1m": -2.589311049060386,
  "q1_persistence_2h_1m": -7.5764724849982645
}