{
  "model_1a": {
    "coef": -0.08688266291945985,
    "tstat": -1.9214477754461674,
    "pval": 0.054675280366992374,
    "r2": 0.6849202395225277,
    "n": 4443
  },
  "model_1c": {
    "coef_informed": -0.09161561474280476,
    "tstat_informed": -1.9953075673490366,
    "coef_staleness": -0.0005538975002199918,
    "tstat_staleness": -0.9004940341984001,
    "r2": 0.6850367815441389,
    "n": 4443
  },
  "model_2a": {
    "coef": -0.015037548727635174,
    "tstat": -5.347377925004586,
    "pval": 8.923755935270534e-08,
    "r2": 0.12548231872245952,
    "n": 4443
  },
  "asymmetry": {
    "forward_coef": -0.027022814484332233,
    "forward_tstat": -2.7910310397339777,
    "reverse_coef": -0.07855910620879135,
    "reverse_tstat": -5.309430265566869,
    "ratio": 0.3439806763141124
  },
  "granger_informed_to_spread": {
    "f_stat": 213.766032159214,
    "pval": 1.1102230246251565e-16,
    "reject_h0": true
  },
  "granger_spread_to_informed": {
    "f_stat": 5.48378234394494,
    "pval": 0.0009312179757349215,
    "reject_h0": true
  }
}