{
  "mpsc_distribution": {
    "mean": 0.0020643365561666574,
    "median": 0.0001896437113510703,
    "std": 0.019227819663832624,
    "p90": 0.0019781624183837086,
    "p95": 0.004854010927152265,
    "p99": 0.028306707433952225
  },
  "mpsc_concentration": {
    "top10_mpsc_share": 0.1913572920314348,
    "top20_mpsc_share": 0.2936180687163482,
    "top10_fill_share": 0.2553762035604168,
    "top20_fill_share": 0.3923676778758282
  },
  "high_mpsc_collapse": {
    "n_high_mpsc_pre": 286,
    "activity_retention": 0.6783216783216783
  },
  "predictive_power": {
    "fill_hhi_t": -1.589248164650516,
    "fill_hhi_r2": 0.23995623990309067,
    "mpsc_t": -0.8486077321593081,
    "mpsc_r2": 0.08258301921008337
  },
  "falsification": {
    "fill_hhi_to_fee_t": 1.6481056527916957,
    "fill_hhi_to_fee_r2": 0.25347035336892776
  }
}