{
  "observed_effect_bps": 17.5474237625965,
  "randomization_inference": {
    "p_value": 0.14,
    "n_permutations": 10000,
    "null_mean": -0.04782028592246246,
    "null_std": 13.732262840629259,
    "ci_95_lower": -20.095633724468502,
    "ci_95_upper": 37.010964862478076
  },
  "collapsed_regression": {
    "n_asset_hours": 720,
    "ols_hc1": {
      "se": 9.339828201385037,
      "t": 1.8787737187707845
    },
    "cluster_asset": {
      "se": 7.790342053177004,
      "t": 2.252458703715114,
      "n_clusters": 10
    },
    "cluster_hour": {
      "se": 1.751904059338773,
      "t": 10.01620132624123,
      "n_clusters": 24
    },
    "cluster_day": {
      "se": 0.8481696243432211,
      "t": 20.68857839159736,
      "n_clusters": 3
    },
    "twoway_asset_day": {
      "se": 7.790342053177004,
      "t": 2.252458703715114
    }
  },
  "block_bootstrap": {
    "n_bootstrap": 5000,
    "se": 1.631595816633627,
    "t": 10.75476143276773,
    "ci_95_lower": 14.129507896853736,
    "ci_95_upper": 20.580701306536085
  }
}