{
  "model1_naive": {
    "beta": -0.014835770099235621,
    "se": 0.003328535770806957,
    "t": -4.457146060845516,
    "p": 0.005657457555453771
  },
  "model2_asset_fe": {
    "beta": -0.012344813986236595,
    "se": 0.006715444423204133,
    "t": -1.8382720797421963,
    "p": 0.06634421264057844,
    "r2_within": 0.09292851307121275
  },
  "model3_twoway_fe": {
    "beta": -0.0032958252725751036,
    "se": 0.0021672322522696226,
    "t": -1.520753149148444,
    "p": 0.12867737110949906,
    "r2_within": 0.5445737768663544
  },
  "model4_full": {
    "beta_spread": -0.002523925214146265,
    "se_spread": 0.001976362033403083,
    "t_spread": -1.2770561119312422,
    "p_spread": 0.20191700749677577,
    "beta_vol": 0.005784168078661759,
    "se_vol": 0.002378784171450452,
    "t_vol": 2.4315648927220206,
    "p_vol": 0.015231039139122604,
    "beta_activity": -0.00033148569212323526,
    "se_activity": 0.0035858913868045315,
    "t_activity": -0.09244164319729428,
    "p_activity": 0.926368051961092,
    "beta_spread_vol": -0.009232608940309856,
    "se_spread_vol": 0.003328535770806957,
    "t_spread_vol": -2.773774889633089,
    "p_spread_vol": 0.005657457555453771,
    "r2_within": 0.5461733740562635,
    "n_obs": 938,
    "n_time_fe": 32
  }
}